.DS_Store
.~lock.*
*.dep
I*.swp
*.bak
*.save
*.lnk
__pycache__
*.pyc
Thumbs.db


*.log
*.echo
*.3mf

times.txt

.vscode/

scratch/

documents/*
!documents/MarlinConfiguration.md
!documents/klipper_btt_skr_v1_4.cfg
!documents/BOM_MC300.ods

scad/target.scad
scad/bom.scad
scad/stlimporttemp
scad/stlimport/eva
scad/stlimport/jubilee
scad/stlimport/voron
scad/stlimport/voron-0

tests.*
tests/*.*
tests/bom
tests/deps
tests/png/*
tests/tmp
!tests/*.scad
!tests/extra/*.scad
# change to !, except for diffs, once released
//!tests.md
//!tests/png/*.png
tests/png/*_diff.png

pictures/*
!pictures/MC_front.jpg
!pictures/MC_left.jpg
!pictures/MC_back.jpg
!pictures/MC_right.jpg
!pictures/MC_top.jpg
!pictures/MC_wiring.jpg
!pictures/MC300_rb_front.jpg
!pictures/MC300_rb_left.jpg
!pictures/MC300_rb_back.jpg
!pictures/MC300_rb_right.jpg
!pictures/MC300_rb.jpg
!pictures/MaybeCube-2021-12-08_1000.jpg
!pictures/MaybeCube300_1000.jpg
!pictures/shaper_calibrate_x.png
!pictures/shaper_calibrate_y.png
!pictures/social_preview.png
!pictures/EVA2.jpg
!pictures/XChange3.jpg

M5/

nuts/

Voron_Afterburner/
Voron_Mini_Afterburner/assemblies/*
Voron_Mini_Afterburner/bom/
Voron_Mini_Afterburner/dxfs/
Voron_Mini_Afterburner/stls/*
!Voron_Mini_Afterburner/stls/X_Carriage_Voron_Mini_Afterburner.stl
Voron_Mini_Afterburner/tmp/
Voron_Mini_Afterburner/*.html
Voron_Mini_Afterburner/*.md
!Voron_Mini_Afterburner/readme.md
!Voron_Mini_Afterburner/assemblies/*.png
//!Voron_Mini_Afterburner/assemblies/X_Carriage_Voron_Mini_Afterburner_assembled.png
!Voron_Mini_Afterburner/stls/*.png
Voron_Mini_Afterburner/assemblies/*_diff.png
Voron_Mini_Afterburner/stls/*_diff.png

jigs/assemblies/*
jigs/bom/
jigs/dxfs/*
jigs/stls/*
jigs/tmp/
jigs/*.html
jigs/*.md
#!jigs/readme.md
#!jigs/assemblies/main_assembled.png
#!jigs/assemblies/*.png
#!jigs/dxfs/*.dxf
#!jigs/dxfs/*.png
#!jigs/stls/*.stl
#!jigs/stls/*.png
jigs/assemblies/*_diff.png
jigs/dxfs/*_diff.png
jigs/stls/*_diff.png

EVA_2_4_2/assemblies/*
EVA_2_4_2/bom/
EVA_2_4_2/dxfs/*
EVA_2_4_2/stls/*
EVA_2_4_2/tmp/
EVA_2_4_2/*.html
EVA_2_4_2/*.md
!EVA_2_4_2/readme.md
#!EVA_2_4_2/assemblies/main_assembled.png
!EVA_2_4_2/assemblies/*.png
#!EVA_2_4_2/dxfs/*.dxf
#!EVA_2_4_2/dxfs/*.png
#!EVA_2_4_2/stls/*.stl
!EVA_2_4_2/stls/*.png
EVA_2_4_2/assemblies/*_diff.png
EVA_2_4_2/dxfs/*_diff.png
EVA_2_4_2/stls/*_diff.png

XChange/assemblies/*
XChange/bom/
XChange/dxfs/*
XChange/stls/*
XChange/tmp/
XChange/*.html
XChange/*.md
!XChange/readme.md
#!XChange/assemblies/main_assembled.png
!XChange/assemblies/*.png
#!XChange/dxfs/*.dxf
#!XChange/dxfs/*.png
#!XChange/stls/*.stl
!XChange/stls/*.png
XChange/assemblies/*_diff.png
XChange/dxfs/*_diff.png
XChange/stls/*_diff.png

DualZRods/assemblies/*
DualZRods/bom/
DualZRods/dxfs/*
DualZRods/stls/*
DualZRods/tmp/
DualZRods/*.html
DualZRods/*.md
!DualZRods/assemblies/DualZRods_assembled.png

JubileeToolChanger/assemblies/*
JubileeToolChanger/bom/
JubileeToolChanger/dxfs/*
JubileeToolChanger/stls/*
JubileeToolChanger/tmp/
JubileeToolChanger/*.html
JubileeToolChanger/*.md
!JubileeToolChanger/assemblies/JubileeToolChanger_assembled.png

KinematicBed/assemblies/*
KinematicBed/bom/
KinematicBed/dxfs/*
KinematicBed/stls/*
KinematicBed/tmp/
KinematicBed/*.html
KinematicBed/*.md
!KinematicBed/assemblies/KinematicBed_assembled.png


MC250/assemblies/*
MC250/bom/
MC250/dxfs/*
MC250/stls/*
MC250/tmp/
MC250/*.html
# change to !, except for _diff, .stl, and .dxf, once released
MC250/readme.md
!MC250/assemblies/main_assembled.png
#!MC250/assemblies/*.png
#!MC250/dxfs/*.dxf
#!MC250/dxfs/*.png
#!MC250/stls/*.stl
#!MC250/stls/*.png
MC250/assemblies/*_diff.png
MC250/dxfs/*_diff.png
MC250/stls/*_diff.png

MC290/

MC300/assemblies/*
MC300/bom/
MC300/dxfs/*
MC300/stls/*
MC300/tmp/
MC300/*.html
# change to !, except for _diff, .stl, and .dxf, once released
!MC300/readme.md
!MC300/assemblies/main_assembled.png
!MC300/assemblies/*.png
#!MC300/dxfs/*.dxf
!MC300/dxfs/*.png
#!MC300/stls/*.stl
!MC300/stls/*.png
MC300/assemblies/*_diff.png
MC300/dxfs/*_diff.png
MC300/stls/*_diff.png

MC300RB/assemblies/*
MC300RB/bom/
MC300RB/dxfs/*
MC300RB/stls/*
MC300RB/tmp/
MC300RB/*.html
# change to !, except for _diff, .stl, and .dxf, once released
!MC300RB/readme.md
!MC300RB/assemblies/main_assembled.png
!MC300RB/assemblies/*.png
!MC300/dxfs/*.dxf
!MC300RB/dxfs/*.png
#!MC300RB/stls/*.stl
!MC300RB/stls/*.png
MC300RB/assemblies/*_diff.png
MC300RB/dxfs/*_diff.png
MC300RB/stls/*_diff.png

MC300EB/

MC300EBack/

MC300RB40/

MC350_16/
MC350_25/

MC350/assemblies/*
MC350/bom/
MC350/dxfs/*
MC350/stls/*
MC350/tmp/
MC350/*.html
# change to !, except for _diff, .stl, and .dxf, once released
!MC350/readme.md
!MC350/assemblies/*.png
!MC350/assemblies/main_assembled.png
!MC350/dxfs/*.dxf
!MC350/dxfs/*.png
#!MC350/stls/*.stl
!MC350/stls/*.png
MC350/assemblies/*_diff.png
MC350/dxfs/*_diff.png
MC350/stls/*_diff.png

MC400KB/

MC400/
MC400/assemblies/*
MC400/bom/
MC400/dxfs/*
MC400/stls/*
MC400/tmp/
MC400/*.html
# change to !, except for _diff, .stl, and .dxf, once released
#!MC400/readme.md
!MC400/assemblies/main_assembled.png
#!MC400/assemblies/*.png
#!MC400/dxfs/*.dxf
#!MC400/dxfs/*.png
#!MC400/stls/*.stl
#!MC400/stls/*.png
MC400/assemblies/*_diff.png
MC400/dxfs/*_diff.png
MC400/stls/*_diff.png

MC400Dual/*.*
MC400Dual/assemblies/*
MC400Dual/bom/
MC400Dual/dxfs/*
MC400Dual/stls/*
MC400Dual/tmp/
#!MC400Dual/readme.md
#!MC400Dual/assemblies/main_assembled.png

MC450/
!MC450/assemblies/main_assembled.png
